Workbook
Name Slicer_CRM.Company_.Clean_campaign: #N/A
Name Slicer_CTM.Satisfaction_rating: #N/A
Name Slicer_Month_Number: #N/A

Sheet Sheet1
A1: Data returned for CPA (First 1000 rows).
A3: Fact_CTM[Call Id] | B3: Fact_CTM[Date] | C3: Fact_CTM[Time] | D3: Fact_CTM[TimeClean] | E3: Fact_CTM[Answered (Y/N)] | F3: Fact_CTM[Speed of answer in seconds] | G3: Fact_CTM[AvgTalkDuration] | H3: Fact_CTM[DurationCallTime(m)] | I3: Fact_CTM[Complete / Missing] | J3: Fact_CTM[GCLID CTM]
A4: ID0232 | B4: 45611 | C4: 0.38099537 | D4: 0.38099537 | E4: Y | F4: 113 | G4: 1.0018056 | H4: 1443 | I4: Complete (Answered + all metrics) | J4: 7699674863694084096
A5: ID0235 | B5: 45611 | C5: 0.39799769 | D5: 0.39799769 | E5: Y | F5: 36 | G5: 1.0007755 | H5: 1441 | I5: Complete (Answered + all metrics) | J5: 8534636233250907136
A6: ID0238 | B6: 45611 | C6: 0.41700231 | D6: 0.41700231 | E6: Y | F6: 113 | G6: 1.0013773 | H6: 1442 | I6: Complete (Answered + all metrics) | J6: 5095604735936785408
A7: ID0244 | B7: 45611 | C7: 0.48700231 | D7: 0.48700231 | E7: Y | F7: 109 | G7: 1.0033449 | H7: 1445 | I7: Complete (Answered + all metrics) | J7: 2526937328058731520
A8: ID0247 | B8: 45611 | C8: 0.49299769 | D8: 0.49299769 | E8: Y | F8: 81 | G8: 1.0008565 | H8: 1441 | I8: Complete (Answered + all metrics) | J8: 5359007727987602432
A9: ID0250 | B9: 45611 | C9: 0.5 | D9: 0.5 | E9: Y | F9: 116 | G9: 1.0004861 | H9: 1441 | I9: Complete (Answered + all metrics) | J9: 6924032176809400320
A10: ID0253 | B10: 45611 | C10: 0.545 | D10: 0.545 | E10: Y | F10: 83 | G10: 1.0013079 | H10: 1442 | I10: Complete (Answered + all metrics) | J10: 2251798657352011008
A11: ID0256 | B11: 45611 | C11: 0.58299769 | D11: 0.58299769 | E11: Y | F11: 96 | G11: 1.0040046 | H11: 1446 | I11: Complete (Answered + all metrics) | J11: 4787106274993674240
A12: ID0259 | B12: 45611 | C12: 0.63799769 | D12: 0.63799769 | E12: Y | F12: 117 | G12: 1.0021181 | H12: 1443 | I12: Complete (Answered + all metrics) | J12: 2699981957999981056
A13: ID0262 | B13: 45611 | C13: 0.63900463 | D13: 0.63900463 | E13: Y | F13: 97 | G13: 1.0008796 | H13: 1441 | I13: Complete (Answered + all metrics) | J13: 2842397864834590720
A14: ID0265 | B14: 45611 | C14: 0.64700231 | D14: 0.64700231 | E14: Y | F14: 68 | G14: 1.0030208 | H14: 1444 | I14: Complete (Answered + all metrics) | J14: 7697438173786474496
A15: ID0268 | B15: 45611 | C15: 0.65099537 | D15: 0.65099537 | E15: Y | F15: 13 | G15: 1.0017708 | H15: 1443 | I15: Complete (Answered + all metrics) | J15: 1725353011267889664
... A822: ID2872 | B822: 45519 | C822: 0.72900463 | D822: 0.72900463 | E822: Y | F822: 32 | G822: 1.0042593 | H822: 1446 | I822: Complete (Answered + all metrics) | J822: 8392455610629383168

Sheet Calc Sheet
A2: Stage Name | B2: Values | C2: Dummy Gap | F2: Row Labels | G2: Count of GCLID CRM | I2: Market | J2: Admissions | N2: Total Leads | O2: Conversion Rate | P2: Cost Per Lead | Q2: Total Admissions | R2: Avg Call Duration | S2: Client ROI
A3: =A17 -> Count of GCLID | B3: =B17 -> 1709 | C3: =(MAX($B$3:$B$5)-B3)/2 -> 0 | F3: (blank) | G3: 12 | I3: =F4 -> Adana | J3: =G4 -> 48 | N3: Count of Call Id | O3: Conv Rate | P3: CPA | Q3: Total Admissions | R3: Average of DurationCallTime(m) | S3: Company ROI
A4: =A18 -> Count of GCLID CTM | B4: =B18 -> 819 | C4: =(MAX($B$3:$B$5)-B4)/2 -> 445 | F4: Adana | G4: 48 | I4: =F5 -> Ankara | J4: =G5 -> 45 | N4: 819 | O4: 0.0071829358 | P4: 630.86156 | Q4: 582 | R4: 29.699634 | S4: -19.411043
A5: =A19 -> Count of GCLID CRM | B5: =B19 -> 582 | C5: =(MAX($B$3:$B$5)-B5)/2 -> 563.5 | F5: Ankara | G5: 45 | I5: =F6 -> Antalya | J5: =G6 -> 39
F6: Antalya | G6: 39 | I6: =F7 -> Bursa | J6: =G7 -> 62
F7: Bursa | G7: 62 | I7: =F8 -> Eskisehir | J7: =G8 -> 51 | N7: Row Labels | O7: Total Calls | P7: Total Admissions
F8: Eskisehir | G8: 51 | I8: =F9 -> Istanbul | J8: =G9 -> 56 | N8: 1 | O8: 180 | P8: 59
F9: Istanbul | G9: 56 | I9: =F10 -> Izmir | J9: =G10 -> 48 | N9: 2 | O9: 140 | P9: 53
F10: Izmir | G10: 48 | I10: =F11 -> Kayseri | J10: =G11 -> 42 | N10: 3 | O10: 20 | P10: 56
F11: Kayseri | G11: 42 | I11: =F12 -> Kocaeli | J11: =G12 -> 35 | N11: 4 | O11: 38 | P11: 69
F12: Kocaeli | G12: 35 | I12: =F13 -> Konya | J12: =G13 -> 58 | N12: 5 | O12: 37 | P12: 63
F13: Konya | G13: 58 | I13: =F14 -> Sakarya | J13: =G14 -> 40 | N13: 6 | O13: 26 | P13: 77
F14: Sakarya | G14: 40 | I14: =F15 -> Zonguldak | J14: =G15 -> 46 | N14: 7 | O14: 32 | P14: 49
F15: Zonguldak | G15: 46 | N15: 8 | O15: 63 | P15: 81
A16: Values | N16: 9 | O16: 64 | P16: 65
A17: Count of GCLID | B17: 1709 | N17: 10 | O17: 70 | P17: 1
A18: Count of GCLID CTM | B18: 819 | N18: 11 | O18: 110 | P18: 4
A19: Count of GCLID CRM | B19: 582 | N19: 12 | O19: 39 | P19: 5
N20: Grand Total | O20: 819 | P20: 582

Sheet Dashboard
B2: Total Leads | F2: Conversion Rate | J2: Cost Per Lead | N2: Total Admissions | R2: Average Call Duration m | V2: Client ROI %
B3: =GETPIVOTDATA("[Measures].[Count of Call Id]",'Calc Sheet'!$N$3) -> 819 | F3: =GETPIVOTDATA("[Measures].[Conv Rate]",'Calc Sheet'!$O$3) -> 0.0071829358 | J3: =GETPIVOTDATA("[Measures].[CPA]",'Calc Sheet'!$P$3) -> 630.86156 | N3: =GETPIVOTDATA("[Measures].[Total Admissions]",'Calc Sheet'!$Q$3) -> 582 | R3: =GETPIVOTDATA("[Measures].[Average of DurationCallTime(m)]",'Calc Sheet'!$R$3) -> 29.699634 | V3: =GETPIVOTDATA("[Measures].[Company ROI]",'Calc Sheet'!$S$3) -> -19.411043
